label,seconds,m,lambda,mu,p1
multi08_12,14400,5,550,125,0.229307606
multi12_15,10800,7,800,125,0.173507331
multi15_20,18000,7,700,125,0.960751422
multi20_24,14400,10,1100,125,0.750626056
multi24_08,28800,3,200,125,0.998999999
